reddit,Sequential,00,0.4109,1.9873,0.7867,0.8070,0.8011
reddit,Sequential,01,0.6403,0.6883,0.8940,0.9012,0.8997
reddit,Sequential,02,0.8695,0.4389,0.9235,0.9287,0.9276
reddit,Sequential,03,1.0988,0.3488,0.9343,0.9392,0.9372
reddit,Sequential,04,1.3280,0.2988,0.9407,0.9449,0.9433
reddit,Sequential,05,1.5573,0.2634,0.9442,0.9478,0.9462
reddit,Sequential,06,1.7865,0.2381,0.9462,0.9487,0.9474
reddit,Sequential,07,2.0156,0.2186,0.9483,0.9503,0.9487
reddit,Sequential,08,2.2448,0.2018,0.9502,0.9516,0.9499
reddit,Sequential,09,2.4740,0.1862,0.9509,0.9524,0.9509
reddit,Sequential,10,2.7032,0.1730,0.9523,0.9535,0.9516
reddit,Sequential,11,2.9325,0.1639,0.9528,0.9539,0.9518
reddit,Sequential,12,3.1617,0.1542,0.9541,0.9547,0.9521
reddit,Sequential,13,3.3909,0.1443,0.9550,0.9551,0.9526
reddit,Sequential,14,3.6202,0.1361,0.9554,0.9549,0.9527
reddit,Sequential,15,3.8494,0.1286,0.9559,0.9551,0.9531
reddit,Sequential,16,4.0785,0.1221,0.9561,0.9554,0.9529
reddit,Sequential,17,4.3077,0.1160,0.9564,0.9554,0.9530
reddit,Sequential,18,4.5369,0.1100,0.9572,0.9556,0.9534
reddit,Sequential,19,4.7661,0.1056,0.9575,0.9548,0.9533
reddit,Sequential,20,4.9954,0.0993,0.9575,0.9552,0.9535
reddit,Sequential,21,5.2244,0.0949,0.9578,0.9554,0.9535
reddit,Sequential,22,5.4531,0.0906,0.9581,0.9554,0.9535
reddit,Sequential,23,5.6822,0.0866,0.9588,0.9554,0.9537
reddit,Sequential,24,5.9111,0.0828,0.9586,0.9560,0.9538
reddit,Sequential,25,6.1403,0.0787,0.9586,0.9553,0.9535
reddit,Sequential,26,6.3691,0.0751,0.9592,0.9559,0.9538
reddit,Sequential,27,6.5980,0.0722,0.9586,0.9551,0.9533
reddit,Sequential,28,6.8269,0.0703,0.9590,0.9556,0.9530
reddit,Sequential,29,7.0557,0.0656,0.9592,0.9553,0.9538
reddit,Sequential,30,7.2846,0.0644,0.9592,0.9554,0.9540
reddit,Sequential,31,7.5138,0.0626,0.9589,0.9552,0.9532
reddit,Sequential,32,7.7426,0.0590,0.9597,0.9555,0.9536
reddit,Sequential,33,7.9715,0.0570,0.9596,0.9551,0.9535
reddit,Sequential,34,8.2006,0.0549,0.9598,0.9554,0.9535
reddit,Sequential,35,8.4294,0.0530,0.9599,0.9556,0.9537
reddit,Sequential,36,8.6584,0.0510,0.9599,0.9545,0.9536
reddit,Sequential,37,8.8872,0.0489,0.9602,0.9551,0.9537
reddit,Sequential,38,9.1158,0.0470,0.9604,0.9551,0.9538
reddit,Sequential,39,9.3450,0.0461,0.9603,0.9546,0.9534
reddit,Sequential,40,9.5741,0.0443,0.9599,0.9550,0.9532
reddit,Sequential,41,9.8028,0.0425,0.9604,0.9556,0.9537
reddit,Sequential,42,10.0316,0.0415,0.9606,0.9553,0.9538
reddit,Sequential,43,10.2607,0.0405,0.9606,0.9552,0.9533
reddit,Sequential,44,10.4894,0.0378,0.9603,0.9546,0.9533
reddit,Sequential,45,10.7186,0.0375,0.9611,0.9554,0.9539
reddit,Sequential,46,10.9473,0.0354,0.9608,0.9556,0.9537
reddit,Sequential,47,11.1761,0.0342,0.9611,0.9547,0.9533
reddit,Sequential,48,11.4052,0.0337,0.9613,0.9551,0.9534
reddit,Sequential,49,11.6338,0.0323,0.9612,0.9551,0.9535
reddit,Simulation-2,00,0.4059,2.5444,0.6263,0.6502,0.6467
reddit,Simulation-2,01,0.6341,1.2907,0.7990,0.8169,0.8112
reddit,Simulation-2,02,0.8615,0.7399,0.8687,0.8778,0.8754
reddit,Simulation-2,03,1.0941,0.5294,0.8999,0.9078,0.9057
reddit,Simulation-2,04,1.3275,0.4319,0.9167,0.9220,0.9213
reddit,Simulation-2,05,1.5601,0.3750,0.9257,0.9301,0.9299
reddit,Simulation-2,06,1.7919,0.3337,0.9324,0.9358,0.9360
reddit,Simulation-2,07,2.0242,0.3041,0.9367,0.9401,0.9395
reddit,Simulation-2,08,2.2565,0.2808,0.9393,0.9430,0.9420
reddit,Simulation-2,09,2.4890,0.2613,0.9417,0.9452,0.9442
reddit,Simulation-2,10,2.7215,0.2455,0.9437,0.9465,0.9457
reddit,Simulation-2,11,2.9541,0.2302,0.9448,0.9468,0.9458
reddit,Simulation-2,12,3.1866,0.2180,0.9467,0.9491,0.9474
reddit,Simulation-2,13,3.4192,0.2057,0.9482,0.9499,0.9486
reddit,Simulation-2,14,3.6519,0.1980,0.9492,0.9508,0.9489
reddit,Simulation-2,15,3.8840,0.1892,0.9504,0.9512,0.9500
reddit,Simulation-2,16,4.1164,0.1794,0.9513,0.9521,0.9502
reddit,Simulation-2,17,4.3489,0.1718,0.9519,0.9526,0.9509
reddit,Simulation-2,18,4.5813,0.1658,0.9525,0.9523,0.9508
reddit,Simulation-2,19,4.8145,0.1585,0.9529,0.9530,0.9512
reddit,Simulation-2,20,5.0470,0.1515,0.9533,0.9534,0.9514
reddit,Simulation-2,21,5.2792,0.1483,0.9533,0.9530,0.9511
reddit,Simulation-2,22,5.5115,0.1411,0.9543,0.9536,0.9518
reddit,Simulation-2,23,5.7437,0.1371,0.9545,0.9539,0.9519
reddit,Simulation-2,24,5.9762,0.1319,0.9546,0.9536,0.9520
reddit,Simulation-2,25,6.2088,0.1272,0.9550,0.9538,0.9521
reddit,Simulation-2,26,6.4415,0.1233,0.9551,0.9531,0.9519
reddit,Simulation-2,27,6.6739,0.1200,0.9555,0.9533,0.9523
reddit,Simulation-2,28,6.9065,0.1160,0.9559,0.9536,0.9524
reddit,Simulation-2,29,7.1386,0.1111,0.9561,0.9536,0.9527
reddit,Simulation-2,30,7.3715,0.1090,0.9561,0.9538,0.9524
reddit,Simulation-2,31,7.6035,0.1045,0.9564,0.9533,0.9521
reddit,Simulation-2,32,7.8361,0.1019,0.9567,0.9537,0.9526
reddit,Simulation-2,33,8.0678,0.0987,0.9570,0.9541,0.9527
reddit,Simulation-2,34,8.2997,0.0962,0.9570,0.9536,0.9528
reddit,Simulation-2,35,8.5320,0.0942,0.9573,0.9536,0.9530
reddit,Simulation-2,36,8.7638,0.0892,0.9575,0.9541,0.9525
reddit,Simulation-2,37,8.9966,0.0884,0.9574,0.9537,0.9526
reddit,Simulation-2,38,9.2284,0.0854,0.9573,0.9536,0.9521
reddit,Simulation-2,39,9.4609,0.0831,0.9578,0.9540,0.9528
reddit,Simulation-2,40,9.6931,0.0811,0.9583,0.9546,0.9532
reddit,Simulation-2,41,9.9258,0.0786,0.9582,0.9545,0.9532
reddit,Simulation-2,42,10.1588,0.0762,0.9582,0.9545,0.9530
reddit,Simulation-2,43,10.3912,0.0735,0.9584,0.9543,0.9530
reddit,Simulation-2,44,10.6232,0.0719,0.9583,0.9549,0.9526
reddit,Simulation-2,45,10.8560,0.0698,0.9586,0.9547,0.9529
reddit,Simulation-2,46,11.0884,0.0686,0.9585,0.9542,0.9527
reddit,Simulation-2,47,11.3205,0.0660,0.9588,0.9545,0.9529
reddit,Simulation-2,48,11.5527,0.0653,0.9590,0.9542,0.9533
reddit,Simulation-2,49,11.7847,0.0623,0.9591,0.9545,0.9528
reddit,DDP-2,00,0.2274,3.0037,0.4789,0.5018,0.4980
reddit,DDP-2,01,0.3432,2.0766,0.6102,0.6341,0.6288
reddit,DDP-2,02,0.4583,1.4768,0.7462,0.7718,0.7649
reddit,DDP-2,03,0.5731,1.0665,0.7989,0.8161,0.8104
reddit,DDP-2,04,0.6881,0.8135,0.8455,0.8584,0.8530
reddit,DDP-2,05,0.8031,0.6616,0.8672,0.8784,0.8746
reddit,DDP-2,06,0.9186,0.5670,0.8889,0.8978,0.8958
reddit,DDP-2,07,1.0339,0.5035,0.9006,0.9083,0.9066
reddit,DDP-2,08,1.1492,0.4581,0.9104,0.9177,0.9157
reddit,DDP-2,09,1.2644,0.4224,0.9176,0.9236,0.9226
reddit,DDP-2,10,1.3798,0.3951,0.9238,0.9287,0.9284
reddit,DDP-2,11,1.4952,0.3728,0.9270,0.9319,0.9316
reddit,DDP-2,12,1.6102,0.3535,0.9309,0.9352,0.9350
reddit,DDP-2,13,1.7254,0.3357,0.9334,0.9373,0.9369
reddit,DDP-2,14,1.8408,0.3218,0.9349,0.9389,0.9385
reddit,DDP-2,15,1.9563,0.3112,0.9368,0.9400,0.9403
reddit,DDP-2,16,2.0714,0.2972,0.9384,0.9415,0.9417
reddit,DDP-2,17,2.1866,0.2889,0.9390,0.9422,0.9421
reddit,DDP-2,18,2.3023,0.2796,0.9407,0.9435,0.9433
reddit,DDP-2,19,2.4177,0.2724,0.9414,0.9444,0.9437
reddit,DDP-2,20,2.5331,0.2649,0.9423,0.9448,0.9442
reddit,DDP-2,21,2.6482,0.2566,0.9435,0.9454,0.9450
reddit,DDP-2,22,2.7634,0.2532,0.9438,0.9459,0.9457
reddit,DDP-2,23,2.8786,0.2471,0.9443,0.9461,0.9460
reddit,DDP-2,24,2.9940,0.2391,0.9454,0.9468,0.9466
reddit,DDP-2,25,3.1093,0.2352,0.9456,0.9470,0.9468
reddit,DDP-2,26,3.2243,0.2304,0.9460,0.9469,0.9469
reddit,DDP-2,27,3.3395,0.2260,0.9467,0.9475,0.9473
reddit,DDP-2,28,3.4549,0.2236,0.9467,0.9475,0.9473
reddit,DDP-2,29,3.5703,0.2175,0.9468,0.9481,0.9474
reddit,DDP-2,30,3.6859,0.2149,0.9474,0.9488,0.9476
reddit,DDP-2,31,3.8013,0.2124,0.9477,0.9484,0.9479
reddit,DDP-2,32,3.9164,0.2065,0.9478,0.9494,0.9479
reddit,DDP-2,33,4.0314,0.2047,0.9486,0.9497,0.9487
reddit,DDP-2,34,4.1464,0.2022,0.9486,0.9496,0.9483
reddit,DDP-2,35,4.2618,0.1999,0.9487,0.9496,0.9485
reddit,DDP-2,36,4.3769,0.1973,0.9497,0.9504,0.9491
reddit,DDP-2,37,4.4920,0.1942,0.9492,0.9499,0.9491
reddit,DDP-2,38,4.6072,0.1918,0.9496,0.9501,0.9491
reddit,DDP-2,39,4.7223,0.1877,0.9494,0.9497,0.9491
reddit,DDP-2,40,4.8374,0.1891,0.9495,0.9507,0.9491
reddit,DDP-2,41,4.9527,0.1867,0.9498,0.9501,0.9493
reddit,DDP-2,42,5.0677,0.1844,0.9502,0.9501,0.9492
reddit,DDP-2,43,5.1832,0.1826,0.9503,0.9508,0.9493
reddit,DDP-2,44,5.2984,0.1800,0.9504,0.9503,0.9491
reddit,DDP-2,45,5.4135,0.1777,0.9501,0.9502,0.9494
reddit,DDP-2,46,5.5294,0.1803,0.9510,0.9511,0.9498
reddit,DDP-2,47,5.6447,0.1751,0.9509,0.9512,0.9496
reddit,DDP-2,48,5.7599,0.1746,0.9510,0.9510,0.9496
reddit,DDP-2,49,5.8748,0.1740,0.9511,0.9509,0.9495
reddit,Simulation-4,00,0.4118,2.9102,0.4269,0.4444,0.4405
reddit,Simulation-4,01,0.6377,1.9765,0.6224,0.6432,0.6387
reddit,Simulation-4,02,0.8629,1.3876,0.7501,0.7682,0.7632
reddit,Simulation-4,03,1.0882,1.0029,0.8098,0.8241,0.8205
reddit,Simulation-4,04,1.3137,0.7651,0.8556,0.8660,0.8648
reddit,Simulation-4,05,1.5389,0.6250,0.8761,0.8866,0.8835
reddit,Simulation-4,06,1.7645,0.5344,0.8952,0.9045,0.9025
reddit,Simulation-4,07,1.9899,0.4726,0.9076,0.9152,0.9149
reddit,Simulation-4,08,2.2155,0.4270,0.9174,0.9239,0.9229
reddit,Simulation-4,09,2.4410,0.3923,0.9241,0.9303,0.9291
reddit,Simulation-4,10,2.6664,0.3660,0.9283,0.9352,0.9327
reddit,Simulation-4,11,2.8916,0.3432,0.9318,0.9380,0.9359
reddit,Simulation-4,12,3.1165,0.3228,0.9348,0.9399,0.9384
reddit,Simulation-4,13,3.3414,0.3075,0.9370,0.9420,0.9403
reddit,Simulation-4,14,3.5670,0.2928,0.9391,0.9436,0.9420
reddit,Simulation-4,15,3.7923,0.2795,0.9409,0.9451,0.9434
reddit,Simulation-4,16,4.0175,0.2682,0.9422,0.9462,0.9447
reddit,Simulation-4,17,4.2423,0.2568,0.9433,0.9470,0.9454
reddit,Simulation-4,18,4.4668,0.2488,0.9443,0.9478,0.9463
reddit,Simulation-4,19,4.6922,0.2397,0.9454,0.9485,0.9470
reddit,Simulation-4,20,4.9170,0.2315,0.9462,0.9493,0.9477
reddit,Simulation-4,21,5.1418,0.2240,0.9473,0.9499,0.9484
reddit,Simulation-4,22,5.3669,0.2176,0.9482,0.9508,0.9490
reddit,Simulation-4,23,5.5918,0.2107,0.9486,0.9509,0.9492
reddit,Simulation-4,24,5.8167,0.2045,0.9491,0.9510,0.9498
reddit,Simulation-4,25,6.0421,0.1970,0.9498,0.9520,0.9500
reddit,Simulation-4,26,6.2677,0.1934,0.9502,0.9520,0.9501
reddit,Simulation-4,27,6.4925,0.1870,0.9504,0.9521,0.9505
reddit,Simulation-4,28,6.7179,0.1831,0.9512,0.9525,0.9508
reddit,Simulation-4,29,6.9426,0.1775,0.9515,0.9525,0.9509
reddit,Simulation-4,30,7.1677,0.1745,0.9520,0.9528,0.9508
reddit,Simulation-4,31,7.3927,0.1698,0.9523,0.9530,0.9512
reddit,Simulation-4,32,7.6178,0.1653,0.9527,0.9535,0.9513
reddit,Simulation-4,33,7.8431,0.1600,0.9529,0.9538,0.9517
reddit,Simulation-4,34,8.0685,0.1576,0.9532,0.9535,0.9516
reddit,Simulation-4,35,8.2936,0.1534,0.9534,0.9535,0.9517
reddit,Simulation-4,36,8.5186,0.1504,0.9539,0.9536,0.9522
reddit,Simulation-4,37,8.7438,0.1470,0.9541,0.9537,0.9524
reddit,Simulation-4,38,8.9692,0.1442,0.9547,0.9542,0.9525
reddit,Simulation-4,39,9.1947,0.1400,0.9548,0.9542,0.9526
reddit,Simulation-4,40,9.4199,0.1378,0.9549,0.9541,0.9526
reddit,Simulation-4,41,9.6449,0.1338,0.9552,0.9542,0.9527
reddit,Simulation-4,42,9.8703,0.1312,0.9557,0.9547,0.9531
reddit,Simulation-4,43,10.0952,0.1285,0.9556,0.9545,0.9527
reddit,Simulation-4,44,10.3206,0.1267,0.9560,0.9548,0.9531
reddit,Simulation-4,45,10.5462,0.1243,0.9561,0.9546,0.9529
reddit,Simulation-4,46,10.7711,0.1216,0.9561,0.9545,0.9528
reddit,Simulation-4,47,10.9965,0.1194,0.9565,0.9547,0.9531
reddit,Simulation-4,48,11.2218,0.1162,0.9567,0.9546,0.9533
reddit,Simulation-4,49,11.4471,0.1141,0.9571,0.9548,0.9532
reddit,DDP-4,00,0.3903,3.3047,0.3942,0.4143,0.4088
reddit,DDP-4,01,0.6635,2.6999,0.4457,0.4660,0.4594
reddit,DDP-4,02,0.7308,2.2604,0.5052,0.5218,0.5176
reddit,DDP-4,03,0.7980,1.9135,0.5946,0.6088,0.6040
reddit,DDP-4,04,0.8654,1.6095,0.6657,0.6896,0.6832
reddit,DDP-4,05,0.9333,1.3620,0.7274,0.7507,0.7447
reddit,DDP-4,06,1.0015,1.1591,0.7638,0.7825,0.7770
reddit,DDP-4,07,1.0693,0.9986,0.7910,0.8064,0.8026
reddit,DDP-4,08,1.1373,0.8735,0.8170,0.8286,0.8264
reddit,DDP-4,09,1.2053,0.7752,0.8376,0.8479,0.8450
reddit,DDP-4,10,1.2778,0.6955,0.8542,0.8655,0.8615
reddit,DDP-4,11,1.3453,0.6344,0.8685,0.8780,0.8747
reddit,DDP-4,12,1.4126,0.5838,0.8785,0.8873,0.8837
reddit,DDP-4,13,1.4799,0.5427,0.8876,0.8960,0.8920
reddit,DDP-4,14,1.5473,0.5126,0.8955,0.9033,0.8992
reddit,DDP-4,15,1.6152,0.4843,0.9019,0.9102,0.9059
reddit,DDP-4,16,1.6830,0.4577,0.9060,0.9138,0.9099
reddit,DDP-4,17,1.7504,0.4418,0.9106,0.9187,0.9149
reddit,DDP-4,18,1.8182,0.4236,0.9145,0.9215,0.9182
reddit,DDP-4,19,1.8861,0.4072,0.9178,0.9244,0.9213
reddit,DDP-4,20,1.9539,0.3922,0.9206,0.9265,0.9240
reddit,DDP-4,21,2.0214,0.3792,0.9229,0.9284,0.9265
reddit,DDP-4,22,2.0897,0.3679,0.9254,0.9308,0.9288
reddit,DDP-4,23,2.1568,0.3580,0.9270,0.9321,0.9304
reddit,DDP-4,24,2.2244,0.3512,0.9288,0.9340,0.9319
reddit,DDP-4,25,2.2922,0.3405,0.9304,0.9353,0.9335
reddit,DDP-4,26,2.3603,0.3322,0.9317,0.9366,0.9345
reddit,DDP-4,27,2.4284,0.3252,0.9327,0.9374,0.9356
reddit,DDP-4,28,2.4957,0.3192,0.9341,0.9387,0.9370
reddit,DDP-4,29,2.5636,0.3128,0.9352,0.9392,0.9377
reddit,DDP-4,30,2.6308,0.3020,0.9360,0.9402,0.9384
reddit,DDP-4,31,2.6981,0.2963,0.9366,0.9404,0.9390
reddit,DDP-4,32,2.7666,0.2928,0.9378,0.9417,0.9399
reddit,DDP-4,33,2.8352,0.2893,0.9386,0.9426,0.9409
reddit,DDP-4,34,2.9024,0.2853,0.9391,0.9434,0.9415
reddit,DDP-4,35,2.9706,0.2765,0.9398,0.9437,0.9422
reddit,DDP-4,36,3.0392,0.2752,0.9407,0.9444,0.9430
reddit,DDP-4,37,3.1066,0.2739,0.9408,0.9444,0.9427
reddit,DDP-4,38,3.1748,0.2662,0.9417,0.9450,0.9434
reddit,DDP-4,39,3.2421,0.2635,0.9421,0.9450,0.9438
reddit,DDP-4,40,3.3103,0.2562,0.9424,0.9457,0.9438
reddit,DDP-4,41,3.3774,0.2532,0.9433,0.9460,0.9446
reddit,DDP-4,42,3.4452,0.2528,0.9436,0.9462,0.9447
reddit,DDP-4,43,3.5133,0.2486,0.9439,0.9468,0.9449
reddit,DDP-4,44,3.5810,0.2448,0.9440,0.9466,0.9451
reddit,DDP-4,45,3.6480,0.2396,0.9444,0.9468,0.9454
reddit,DDP-4,46,3.7159,0.2384,0.9449,0.9470,0.9458
reddit,DDP-4,47,3.7832,0.2357,0.9449,0.9473,0.9459
reddit,DDP-4,48,3.8503,0.2355,0.9453,0.9475,0.9461
reddit,DDP-4,49,3.9175,0.2327,0.9456,0.9479,0.9465
reddit,Simulation-8,00,0.4125,3.2060,0.4176,0.4333,0.4324
reddit,Simulation-8,01,0.6379,2.6127,0.4825,0.4984,0.4971
reddit,Simulation-8,02,0.8630,2.1448,0.5417,0.5612,0.5577
reddit,Simulation-8,03,1.0876,1.7874,0.6392,0.6621,0.6572
reddit,Simulation-8,04,1.3126,1.4923,0.7090,0.7335,0.7272
reddit,Simulation-8,05,1.5374,1.2562,0.7576,0.7773,0.7711
reddit,Simulation-8,06,1.7624,1.0632,0.7788,0.7949,0.7913
reddit,Simulation-8,07,1.9871,0.9101,0.8077,0.8247,0.8184
reddit,Simulation-8,08,2.2115,0.8005,0.8343,0.8479,0.8427
reddit,Simulation-8,09,2.4360,0.7129,0.8541,0.8635,0.8602
reddit,Simulation-8,10,2.6605,0.6421,0.8665,0.8760,0.8743
reddit,Simulation-8,11,2.8853,0.5864,0.8771,0.8862,0.8843
reddit,Simulation-8,12,3.1105,0.5405,0.8886,0.8965,0.8954
reddit,Simulation-8,13,3.3353,0.5047,0.8986,0.9053,0.9055
reddit,Simulation-8,14,3.5598,0.4731,0.9046,0.9111,0.9107
reddit,Simulation-8,15,3.7850,0.4452,0.9097,0.9152,0.9152
reddit,Simulation-8,16,4.0092,0.4242,0.9143,0.9194,0.9199
reddit,Simulation-8,17,4.2347,0.4058,0.9191,0.9241,0.9243
reddit,Simulation-8,18,4.4599,0.3889,0.9225,0.9272,0.9276
reddit,Simulation-8,19,4.6850,0.3735,0.9258,0.9302,0.9305
reddit,Simulation-8,20,4.9088,0.3586,0.9281,0.9327,0.9323
reddit,Simulation-8,21,5.1340,0.3473,0.9308,0.9351,0.9350
reddit,Simulation-8,22,5.3586,0.3361,0.9326,0.9361,0.9366
reddit,Simulation-8,23,5.5832,0.3249,0.9347,0.9381,0.9382
reddit,Simulation-8,24,5.8080,0.3163,0.9359,0.9392,0.9392
reddit,Simulation-8,25,6.0328,0.3065,0.9374,0.9408,0.9406
reddit,Simulation-8,26,6.2576,0.2986,0.9387,0.9421,0.9417
reddit,Simulation-8,27,6.4827,0.2911,0.9393,0.9424,0.9424
reddit,Simulation-8,28,6.7078,0.2819,0.9410,0.9442,0.9435
reddit,Simulation-8,29,6.9326,0.2780,0.9414,0.9448,0.9439
reddit,Simulation-8,30,7.1572,0.2711,0.9424,0.9465,0.9447
reddit,Simulation-8,31,7.3822,0.2648,0.9431,0.9470,0.9454
reddit,Simulation-8,32,7.6075,0.2581,0.9436,0.9473,0.9458
reddit,Simulation-8,33,7.8324,0.2535,0.9441,0.9476,0.9461
reddit,Simulation-8,34,8.0573,0.2479,0.9448,0.9479,0.9466
reddit,Simulation-8,35,8.2820,0.2430,0.9454,0.9485,0.9471
reddit,Simulation-8,36,8.5060,0.2378,0.9459,0.9487,0.9473
reddit,Simulation-8,37,8.7258,0.2334,0.9464,0.9488,0.9476
reddit,Simulation-8,38,8.9458,0.2310,0.9472,0.9496,0.9480
reddit,Simulation-8,39,9.1655,0.2241,0.9472,0.9496,0.9478
reddit,Simulation-8,40,9.3850,0.2215,0.9478,0.9499,0.9482
reddit,Simulation-8,41,9.6044,0.2179,0.9483,0.9505,0.9485
reddit,Simulation-8,42,9.8242,0.2135,0.9489,0.9509,0.9487
reddit,Simulation-8,43,10.0437,0.2101,0.9487,0.9509,0.9490
reddit,Simulation-8,44,10.2635,0.2067,0.9493,0.9513,0.9493
reddit,Simulation-8,45,10.4829,0.2030,0.9496,0.9513,0.9495
reddit,Simulation-8,46,10.7028,0.2005,0.9499,0.9516,0.9498
reddit,Simulation-8,47,10.9221,0.1954,0.9505,0.9522,0.9501
reddit,Simulation-8,48,11.1415,0.1941,0.9506,0.9524,0.9500
reddit,Simulation-8,49,11.3609,0.1900,0.9509,0.9526,0.9501
