reddit,DDP-2,00,2.5949,2.5596,0.6145,0.6365,0.6317
reddit,DDP-2,01,11.1923,1.2735,0.7906,0.8107,0.8034
reddit,DDP-2,02,19.7476,0.7430,0.8611,0.8711,0.8700
reddit,DDP-2,03,28.2949,0.5127,0.8971,0.9062,0.9029
reddit,DDP-2,04,36.8511,0.4131,0.9155,0.9227,0.9207
reddit,DDP-2,05,45.4316,0.3517,0.9272,0.9322,0.9309
reddit,DDP-2,06,54.0078,0.3188,0.9327,0.9375,0.9365
reddit,DDP-2,07,62.5329,0.2863,0.9381,0.9426,0.9405
reddit,DDP-2,08,71.0719,0.2667,0.9408,0.9454,0.9432
reddit,DDP-2,09,79.6135,0.2470,0.9429,0.9461,0.9447
reddit,DDP-2,10,88.1470,0.2335,0.9433,0.9469,0.9452
reddit,DDP-2,11,96.7216,0.2299,0.9470,0.9496,0.9483
reddit,DDP-2,12,105.2562,0.2201,0.9480,0.9501,0.9487
reddit,DDP-2,13,113.8173,0.2176,0.9500,0.9514,0.9507
reddit,DDP-2,14,122.4039,0.2071,0.9503,0.9515,0.9507
reddit,DDP-2,15,130.9891,0.2051,0.9518,0.9527,0.9516
reddit,DDP-2,16,139.5370,0.1971,0.9535,0.9543,0.9532
reddit,DDP-2,17,148.1124,0.1884,0.9538,0.9542,0.9533
reddit,DDP-2,18,156.7798,0.1870,0.9546,0.9550,0.9536
reddit,DDP-2,19,165.3376,0.1804,0.9550,0.9553,0.9538
reddit,DDP-2,20,173.9446,0.1761,0.9551,0.9548,0.9538
reddit,DDP-2,21,182.5379,0.1739,0.9558,0.9555,0.9545
reddit,DDP-2,22,191.1177,0.1691,0.9577,0.9566,0.9557
reddit,DDP-2,23,199.9052,0.1627,0.9585,0.9573,0.9556
reddit,DDP-2,24,208.4709,0.1658,0.9585,0.9573,0.9558
reddit,DDP-2,25,217.0424,0.1568,0.9593,0.9579,0.9569
reddit,DDP-2,26,225.6090,0.1587,0.9599,0.9582,0.9571
reddit,DDP-2,27,234.1820,0.1574,0.9603,0.9585,0.9574
reddit,DDP-2,28,242.7316,0.1536,0.9607,0.9586,0.9570
reddit,DDP-2,29,251.3244,0.1495,0.9600,0.9578,0.9566
reddit,DDP-2,30,259.9314,0.1496,0.9612,0.9590,0.9573
reddit,DDP-2,31,268.6681,0.1477,0.9618,0.9587,0.9578
reddit,DDP-2,32,277.2447,0.1439,0.9622,0.9590,0.9577
reddit,DDP-2,33,285.8128,0.1420,0.9628,0.9593,0.9581
reddit,DDP-2,34,294.4003,0.1432,0.9637,0.9601,0.9584
reddit,DDP-2,35,302.9830,0.1392,0.9639,0.9596,0.9588
reddit,DDP-2,36,311.5178,0.1379,0.9634,0.9593,0.9583
reddit,DDP-2,37,320.0336,0.1410,0.9632,0.9589,0.9578
reddit,DDP-2,38,328.6129,0.1373,0.9642,0.9602,0.9589
reddit,DDP-2,39,337.1845,0.1383,0.9654,0.9605,0.9592
reddit,DDP-2,40,345.7243,0.1338,0.9653,0.9606,0.9589
reddit,DDP-2,41,354.2828,0.1302,0.9652,0.9607,0.9593
reddit,DDP-2,42,362.8711,0.1317,0.9648,0.9601,0.9585
reddit,DDP-2,43,371.4395,0.1314,0.9651,0.9595,0.9584
reddit,DDP-2,44,379.9929,0.1233,0.9665,0.9611,0.9595
reddit,DDP-2,45,388.5814,0.1248,0.9669,0.9606,0.9595
reddit,DDP-2,46,397.3944,0.1294,0.9671,0.9610,0.9594
reddit,DDP-2,47,405.9279,0.1281,0.9671,0.9608,0.9594
reddit,DDP-2,48,414.4614,0.1251,0.9675,0.9607,0.9593
reddit,DDP-2,49,423.0041,0.1239,0.9676,0.9611,0.9593
